start,end
Barcelona,Paris
Barcelona,Rome
Barcelona,Amsterdam
Barcelona,Munich
Barcelona,London
Barcelona,Prague
Barcelona,Madrid
Barcelona,Florence
Barcelona,Vienna
Barcelona,Berlin
Barcelona,Lisbon
Barcelona,Budapest
Barcelona,Brussels
Barcelona,Dublin
Barcelona,Zurich
Barcelona,Milan
Paris,Rome
Paris,Amsterdam
Paris,Munich
Paris,London
Paris,Prague
Paris,Madrid
Paris,Florence
Paris,Vienna
Paris,Berlin
Paris,Lisbon
Paris,Budapest
Paris,Brussels
Paris,Dublin
Paris,Zurich
Paris,Milan
Rome,Amsterdam
Rome,Munich
Rome,London
Rome,Prague
Rome,Madrid
Rome,Florence
Rome,Vienna
Rome,Berlin
Rome,Lisbon
Rome,Budapest
Rome,Brussels
Rome,Dublin
Rome,Zurich
Rome,Milan
Amsterdam,Munich
Amsterdam,London
Amsterdam,Prague
Amsterdam,Madrid
Amsterdam,Florence
Amsterdam,Vienna
Amsterdam,Berlin
Amsterdam,Lisbon
Amsterdam,Budapest
Amsterdam,Brussels
Amsterdam,Dublin
Amsterdam,Zurich
Amsterdam,Milan
Munich,London
Munich,Prague
Munich,Madrid
Munich,Florence
Munich,Vienna
Munich,Berlin
Munich,Lisbon
Munich,Budapest
Munich,Brussels
Munich,Dublin
Munich,Zurich
Munich,Milan
London,Prague
London,Madrid
London,Florence
London,Vienna
London,Berlin
London,Lisbon
London,Budapest
London,Brussels
London,Dublin
London,Zurich
London,Milan
Prague,Madrid
Prague,Florence
Prague,Vienna
Prague,Berlin
Prague,Lisbon
Prague,Budapest
Prague,Brussels
Prague,Dublin
Prague,Zurich
Prague,Milan
Madrid,Florence
Madrid,Vienna
Madrid,Berlin
Madrid,Lisbon
Madrid,Budapest
Madrid,Brussels
Madrid,Dublin
Madrid,Zurich
Madrid,Milan
Florence,Vienna
Florence,Berlin
Florence,Lisbon
Florence,Budapest
Florence,Brussels
Florence,Dublin
Florence,Zurich
Florence,Milan
Vienna,Berlin
Vienna,Lisbon
Vienna,Budapest
Vienna,Brussels
Vienna,Dublin
Vienna,Zurich
Vienna,Milan
Berlin,Lisbon
Berlin,Budapest
Berlin,Brussels
Berlin,Dublin
Berlin,Zurich
Berlin,Milan
Lisbon,Budapest
Lisbon,Brussels
Lisbon,Dublin
Lisbon,Zurich
Lisbon,Milan
Budapest,Brussels
Budapest,Dublin
Budapest,Zurich
Budapest,Milan
Brussels,Dublin
Brussels,Zurich
Brussels,Milan
Dublin,Zurich
Dublin,Milan
Zurich,Milan
